アルゼンチンの首都はどこでしょう？,ブエノスアイレス,リマ,ブラジリア,サンティアゴ,地理
ペルーの首都はどこでしょう？,リマ,ラパス,ボゴタ,カラカス,地理
アメリカで３番目に人口が多い都市はどこでしょう？,シカゴ,サンフランシスコ,ロサンゼルス,ダラス,地理
オーストラリアの首都はどこでしょう？,キャンベラ,パース,シドニー,メルボルン,地理
ドミニカ共和国と陸地で接している国はどこでしょう？,ハイチ,キューバ,バハマ,バルバトス,地理
フランスの首都はどこでしょう？,パリ,カンヌ,マルセイユ,リヨン,地理
次のうち国ではないのはどこでしょう？,プエルトリコ,ベリーズ,アンティグア・バーブーダ,トリニダード・トバゴ,地理
スペインの首都はどこでしょう？,マドリード,パリ,ロンドン,ベルリン,地理
ケツァールを国鳥及び通貨単位の名称にしている国はどこでしょう？,グアテマラ,ニカラグア,パナマ,コスタリカ,地理
1969年にサッカーW杯予選を発端とする通称「サッカー戦争」で、エルサルバドルと戦った国はどこでしょう？,ホンジュラス,メキシコ,ベリーズ,コロンビア,地理
ユーラシア大陸に国土をもたないのはどこでしょう？,アイスランド,ポーランド,フィンランド,デンマーク,地理
次のうち、ベネルクス３国に含まれないのはどこでしょう？,フランス,オランダ,ベルギー,ルクセンブルク,地理
世界一国土が狭い国はどこでしょう？,バチカン市国,モナコ,シンガポール,サンマリノ,地理
バルト３国に含まれないのは次のうちどこでしょう？,エリトリア,エストニア,ラトビア,リトアニア,地理
次のうち、アフリカ大陸に国土を持つのはどこでしょう？,マラウイ,セーシェル,サントメ・プリンシペ,モーリシャス,地理
アメリカ合衆国を解放された黒人奴隷によって建国された国はどこでしょう？,リベリア,ギニア,ギニアビサウ,ガンビア,地理
旧国名をザイールという国はどこでしょう？,コンゴ民主共和国,コンゴ共和国,アンゴラ,ザンビア,地理
西サハラの所有権を主張している国はどこでしょう？,モロッコ,エジプト,アルジェリア,ナイジェリア,地理
旧都市名をコンスタンチノープルという都市はどこでしょう？,イスタンブール,アンカラ,カイロ,エルサレム,地理
旧都市名をレニングラードという都市はどこでしょう？,サンクトペテルブルク,ヴォルゴグラード,オデッサ,キエフ,地理
ヴィクトリア湖に接していない国はどこでしょう？,エチオピア,ケニア,ウガンダ,タンザニア,地理
ケッペンの気候区分には存在せず、後にトレワーサらによって加えられた気候区分はどれでしょう？,高山気候,寒帯気候,乾燥気候,温帯気候,地理
オーストラリア連邦タスマニア州の州都はどこでしょう？,ホバート,ポートアーサー,ローンセストン,クラレンス,地理
コソボ共和国の首都はどこでしょう？,プリシュティナ,ティラナ,ポドゴリツァ,ノヴィ・サド,地理
南スーダンの首都はどこでしょう？,ジュバ,ハルツーム,ディリ,ニアメ,地理
ウズベキスタンの首都はどこでしょう？,タシュケント,ドゥシャンベ,アスタナ,アシガバード,地理
トルクメニスタンの首都はどこでしょう？,アシガバード,ドゥシャンベ,アスタナ,タシュケント,地理
タジキスタンの首都はどこでしょう？,ドゥシャンベ,アスタナ,アシガバード,タシュケント,地理
ドミニカ国の首都はどこでしょう？,ロゾー,サントドミンゴ,サンファン,セントジョンズ,地理
日本の建築家・黒川紀章の都市計画案に基づき開発が続けられているカザフスタンの首都はどこでしょう？,アスタナ,ビシュケク,サマルカンド,アルマトイ,地理
2019年4月に国名をエスワティニ王国と改めた国はどこでしょう？,スワジランド,レソト,ガンビア,マラウイ,地理
2006年にヤンゴンから遷都したミャンマーの首都はどこでしょう？,ネピドー,タウンジー,マンダレー,モーラミャイン,地理
ブラジル連邦で人口が最も多い都市はどこでしょう？,サンパウロ,リオ・デ・ジャネイロ,ブラジリア,クリチーバ,地理
EU(欧州連合)の前身ではない組織は次のうちどれでしょう？,EFTA(欧州自由貿易連合),EURATOM(欧州原子力共同体),ECSC(欧州石炭鉄鋼共同体),EEC(欧州経済共同体),地理
国境線だらけの町として有名なバールレに多数あるのは次のうちどの国境でしょう？,ベルギーとオランダ,ベルギーとルクセンブルク,オランダとドイツ,ドイツとルクセンブルク,地理
2011年まで緑一色の国旗を使用していた国はどこでしょう？,リビア,ニジェール,マリ,ベナン,地理
「インド洋のガラパゴス」と呼ばれる世界遺産ソコトラ島はどの国の領土でしょう？,イエメン,イラン,ヨルダン,サウジアラビア,地理
次のうち、最大の都市が首都である国はどこでしょう？,ウズベキスタン,パキスタン,ベトナム,ニュージーランド,地理
次の瀑布のうち、国境の役割を果たしていないのはどれでしょう？,エンジェルフォール,ヴィクトリアの滝,ナイアガラの滝,イグアスの滝,地理
赤道直下に領土を持つ11カ国のうち、島国はインドネシアとどこでしょう？,サントメ・プリンシペ,カーボベルデ,セーシェル,モルディブ,地理
ビーチ上を低空で飛行機が通過することで有名なプリンセス・ジュリアナ空港があるフランスとオランダの海外領土はどこでしょう？,セント・マーチン島,キュラソー島,サン・バルテルミー島,アルバ島,地理
2017年、世界の空港の年間乗客数のランキングで、20年間連続の首位を達成した空港はどこでしょう？,ハーツフィールド・ジャクソン・アトランタ国際空港,ロンドン・ヒースロー空港,北京首都国際空港,ドバイ国際空港,地理
世界最北の首都はどこでしょう？,レイキャビク（アイスランド）,オスロ（ノルウェー）,ストックホルム（スウェーデン）,ヘルシンキ（フィンランド）,地理
次のうち、国名と首都の都市名が同じではない国はどこでしょう？,グアテマラ,パナマ,ジブチ,クウェート,地理
大陸に領土がありながら島に首都がある国は３カ国あるが、次のうち当てはまらないのはどれでしょう？,マレーシア,赤道ギニア,イギリス,デンマーク,地理
ユトランド半島を横断し、北海とバルト海を結ぶ運河は次のうちどれでしょう？,キール運河,ミッテルラント運河,コリントス運河,ミディ運河,地理
日本語では溶食盆地という、カルスト地形の中で最大の面積を誇る地形は次のうちどれでしょう？,ポリエ,ドリーネ,ウバーレ,モレーン,地理
スヴァールバル諸島について誤っている記述は次のうちどれでしょう？,米軍が駐留している,世界種子貯蔵庫がある,有人島はスピッツベルゲン島のみである,ノルウェー領である,地理
次のうち、国旗の裏と表でデザインが違う国はどこでしょう？,パラグアイ,ガイアナ,スリナム,マラウイ,地理
パプアニューギニア、ウガンダ、メキシコ、ドミニカ国の国旗に共通することはなにでしょう？,鳥が描かれている,文字が入っている,星(太陽)が描かれている,架空の生き物が描かれている,地理
南米の国と公用語の組み合わせで誤っているものはどれでしょう？,ボリビアーフランス語,スリナムーオランダ語,ガイアナ―英語,ブラジル―ポルトガル語,地理
中米の国と首都の組み合わせで誤っているものはどれでしょう？,ジャマイカ―フリータウン,ガイアナ―ジョージタウン,バルバトス―ブリッジタウン,セントヴィンセント・グレナディーン―キングスタウン,地理
南米の国ベネズエラについて、誤っている記述は次のうちどれでしょう？,サッカーが一番盛んなスポーツである,OPEC(石油輸出国機構)の加盟国である,スペインから独立した,リャノ(熱帯草原)がオリノコ川流域に広がる,地理
ニューカレドニアについて、誤っている記述は次のうちどれでしょう？,通貨はユーロである,メラネシアに位置する,フランス領である,ニッケルが産出される,地理
ミクロネシア・メラネシア・ポリネシアについて誤っている記述は次のうちどれでしょう？,ポリネシアの範囲が一番狭い,日本から一番近いのはミクロネシアである,ハワイはポリネシアに属する,メラネシアは赤道以南に位置する,地理
2019年現在、地下鉄の総延長距離が一番長い都市はどこでしょう？,上海,北京,香港,東京,地理
次の首都のうち、2019年現在地下鉄が運行していないのはどこでしょう？,イスラマバード(パキスタン),平壌(北朝鮮),サントドミンゴ(ドミニカ共和国),リマ(ペルー),地理
羊の飼育頭数が世界一多い国はどこでしょう？,中華人民共和国,インド,オーストラリア,ニュージーランド,地理
次のうち、アルプス三大北壁に該当しない山はどれでしょう？,モンブラン,アイガー,グランド・ジョラス,マッターホルン,地理
次のうち、日本三大急流に該当しない河川はどれでしょう？,常願寺川(富山県),球磨川(熊本県),最上川(山形県),富士川(静岡県など),地理
記録上、登山による死者が一番多い山はどれでしょう？,谷川岳,K2,玉山,マカルー,地理
寺沢武一が描いた漫画のうち、主人公が「神の目」と呼ばれる道具を使用するのはどれでしょう？,ゴクウ,コブラ,武,カブト,エンタメ
シルベスター・スタローン主演の映画「ロッキー」の冒頭で、主人公ロッキーが対戦している相手は誰でしょう？,スパイダー,アポロ,エイドリアン,ポーリー,エンタメ
映画「アベンジャーズ」のメンバーの中で、人間ではないのは次のうち誰でしょう？,ソー,アイアンマン,ハルク,キャプテン・アメリカ,エンタメ
007シリーズにおいて、ジェームズ・ボンドの上司でMI6の局長なのは次のうち誰でしょう？,M,Q,マニー・ペニー,ブロフェルド,エンタメ
007シリーズにおいて、ジェームズ・ボンドの同僚で、主に秘密兵器の開発を行い、ボンドをサポートするのは次のうち誰でしょう？,Q,M,マニー・ペニー,ブロフェルド,エンタメ
007シリーズにおいて、MI6の局長の秘書を務めるのは、次のうち誰でしょう？,マニー・ペニー,M,Q,ブロフェルド,エンタメ
007シリーズにおいて、ジェームズ・ボンドの宿敵で、悪の組織スペクターの首領なのは次のうち誰でしょう？,ブロフェルド,M,Q,マニー・ペニー,エンタメ
2019年現在、アカデミー主演男優賞を受賞したものの辞退した俳優は2人いますが、1972年に『ゴッドファーザー』でアカデミー主演男優賞を受賞し、これを辞退したのは誰でしょう？,マーロン・ブランド,ジョージ・C・スコット,ポール・ニューマン,ピーター・オトゥール,エンタメ
2019年現在、アカデミー主演男優賞を受賞したものの辞退した俳優は2人いますが、1970年に『パットン大戦車軍団』でアカデミー主演男優賞を受賞し、これを辞退したのは誰でしょう？,ジョージ・C・スコット,ポール・ニューマン,マーロン・ブランド,ピーター・オトゥール,エンタメ
世界最古の国際映画祭のひとつであり、1947年の創設以来、一度の中断もなく毎年連続で行われている映画祭としては世界で最も長い伝統を誇る映画祭はどれでしょう？,エディンバラ国際映画祭,ロカルノ国際映画祭,トロント国際映画祭,カルロヴィ・ヴァリ国際映画祭,エンタメ
次の映画祭のうち、最優秀作品賞が「金豹賞」と呼ばれるのはどれでしょう？,ロカルノ国際映画祭,カルロヴィ・ヴァリ国際映画祭,カンヌ国際映画祭,ベルリン国際映画祭,エンタメ
次の映画祭のうち、最優秀作品賞が「クリスタル・グローブ賞」と呼ばれるのはどれでしょう？,カルロヴィ・ヴァリ国際映画祭,ロカルノ国際映画祭,ヴェネチア国際映画祭,トロント国際映画祭,エンタメ
次の映画祭のうち、最優秀作品賞が「金熊賞」と呼ばれるのはどれでしょう？,ロカルノ国際映画祭,ベルリン国際映画祭,ヴェネチア国際映画祭,カンヌ国際映画祭,エンタメ
次の映画祭のうち、最優秀作品賞が「金獅子賞」と呼ばれるのはどれでしょう？,ヴェネチア国際映画祭,カンヌ国際映画祭,ベルリン国際映画祭,ロカルノ国際映画祭,エンタメ
次の映画祭のうち、最優秀作品賞が「パルムドール」と呼ばれるのはどれでしょう？,カンヌ国際映画祭,ヴェネチア国際映画祭,ベルリン国際映画祭,ロカルノ国際映画祭,エンタメ
次のうち、1972年から始まった、国際アニメーション映画協会が主催するアニメ作品とそのスタッフに与えられる賞は何でしょう？,アニー賞,トニー賞,エミー賞,オビー賞,エンタメ
アメリカ合衆国の演劇およびミュージカルに関する賞で、選考の対象となるには、毎年のエントリー期間中にニューヨーク・ブロードウェイの劇場で公演が開始される必要がある賞は何でしょう？,トニー賞,アニー賞,エミー賞,オビー賞,エンタメ
次のうち、アメリカのテレビドラマを始めとする番組のほか、テレビに関連する様々な業績に与えられる賞は何でしょう？,エミー賞,アニー賞,トニー賞,オビー賞,エンタメ
次のうち、アメリカのテレビ・ラジオ・ウェブサイトの優れた放送作品に贈られる賞で、放送界のピューリッツァー賞とも呼ばれ、1941年に始まり、メディア関連賞としては最古の賞は何でしょう？,ピーボディ賞,アニー賞,トニー賞,エミー賞,エンタメ
次のうち、ニューヨークで上演された優れた舞台に与えられる賞で、ブロードウェイ以外で上演された作品が対象になるのは何でしょう？,オビー賞,トニー賞,アニー賞,エミー賞,エンタメ
次のうち、1929年の第1回アカデミー賞で、初代アカデミー作品賞を受賞した作品はどれでしょう？,つばさ,ブロードウェイ・メロディー,西部戦線異状なし,シマロン,エンタメ
次のうち、1929年の第1回アカデミー賞で、初代主演男優賞を受賞した俳優は誰でしょう？,エミール・ヤニングス,ワーナー・バクスター,クラーク・ゲーブル,ジョージ・アーリス,エンタメ
次のうち、1929年の第1回アカデミー賞で、初代主演女優賞を受賞した俳優は誰でしょう？,ジャネット・ゲイナー,メアリー・ピックフォード,クローデット・コルベール,キャサリン・ヘプバーン,エンタメ
次のうち、1929年の第1回アカデミー賞のみに存在したコメディ映画監督賞を受賞した監督は誰でしょう？,ルイス・マイルストン,フランク・ボーゼイギ,フランク・ロイド,フランク・キャプラ,エンタメ
次のうち、1929年の第1回アカデミー賞のみに存在したドラマ映画監督賞を受賞した監督は誰でしょう？,フランク・ボーゼイギ,ルイス・マイルストン,フランク・ロイド,フランク・キャプラ,エンタメ
2019年現在、アカデミー賞最多の11部門を受賞した作品は3作品ありますが、当てはまらないのは次のうちどれでしょう？,ウェストサイド物語,ベン・ハー,タイタニック,ロード・オブ・ザ・リング／王の帰還,エンタメ
次のうち、1978年の第1回日本アカデミー賞で、初代日本アカデミー作品賞を受賞した作品はどれでしょう？,幸せの黄色いハンカチ,事件,復讐するは我にあり,ツィゴイネルワイゼン,エンタメ
次のうち、ゴッホの生前に売れた唯一の作品はどれでしょう？,赤い葡萄畑,医師ガシェの肖像,アルルの跳ね橋,夜のカフェテラス,芸術
ミュージカル「ウエストサイド・ストーリー」などで作曲家としても活躍した、アメリカの指揮者は誰でしょう？,レナード・バーンスタイン,リチャード・ロジャース,フォン・カラヤン,ゲオルク・ショルティ,芸術
次のうち、ベルリン・フィルハーモニー管弦楽団の常任指揮者を務めた人物で、幅広いレパートリーと巧みな指揮法で世界的に活躍したオーストリアの指揮者は誰でしょう？,フォン・カラヤン,レナード・バーンスタイン,リチャード・ロジャース,ゲオルク・ショルティ,芸術
ベートーヴェンの交響曲のうち、「英雄」と呼ばれるのは何番でしょう？,交響曲第3番,交響曲第9番,交響曲第5番,交響曲第6番,芸術
ベートーヴェンの交響曲のうち、「運命」と呼ばれるのは何番でしょう？,交響曲第5番,交響曲第3番,交響曲第9番,交響曲第6番,芸術
ベートーヴェンの交響曲のうち、「田園」と呼ばれるのは何番でしょう？,交響曲第6番,交響曲第3番,交響曲第9番,交響曲第5番,芸術
メンデルスゾーンの交響曲のうち、「賛歌」と呼ばれるのは何番でしょう？,交響曲第2番,交響曲第3番,交響曲第4番,交響曲第5番,芸術
メンデルスゾーンの交響曲のうち、「スコットランド」と呼ばれるのは何番でしょう？,交響曲第3番,交響曲第2番,交響曲第4番,交響曲第5番,芸術
メンデルスゾーンの交響曲のうち、「イタリア」と呼ばれるのは何番でしょう？,交響曲第4番,交響曲第2番,交響曲第3番,交響曲第5番,芸術
メンデルスゾーンの交響曲のうち、「宗教改革」と呼ばれるのは何番でしょう？,交響曲第5番,交響曲第2番,交響曲第3番,交響曲第4番,芸術
ミケランジェロの彫刻「ダビデ像」の瞳の形は、次のうちどれでしょう？,ハート形,星形,ダイヤ型,スペード型,芸術
ゴッホの「ひまわり」は何枚描かれたでしょう？,7枚,5枚,4枚,3枚,芸術
世界三大ミュージカルといわれる作品は「レ・ミゼラブル」、「オペラ座の怪人」とどれでしょう？,キャッツ,ミス・サイゴン,ウィキッド,シカゴ,芸術
プッチーニのオペラ「蝶々夫人」の舞台となった国は次のうちどれでしょう？,日本,中国,イタリア,フランス,芸術
プッチーニのオペラ「トゥーランドット」の舞台となった国は次のうちどれでしょう？,中国,日本,イタリア,フランス,芸術
国歌として採用されている曲のうち、作曲されたのが最も古いとされる「ヴィルヘルムス」はどの国の国歌でしょう？,オランダ,ドイツ,オーストリア,ベルギー,芸術
国歌として採用されている曲のうち、公式採用されたのが最も古い「国王行進曲」はどの国の国歌でしょう？,スペイン,スウェーデン,デンマーク,ノルウェー,芸術
第1次世界大戦で右手を失ったウィトゲンシュタインの依頼を受けて『左手のためのピアノ協奏曲』を作曲した人物は誰でしょう？,ラヴェル,リスト,ガーシュウィン,サン・サーンス,芸術
オーケストラをとりまとめるコンサートマスターが演奏する楽器は何でしょう？,ヴァイオリン,ピアノ,コントラバス,フルート,芸術
現存するオーケストラの中で1448年創立と最も古い歴史をもつのはどれでしょう？,デンマーク王立管弦楽団,ライプツィヒ・ゲヴァントハウス管弦楽団,ミュンヘン・フィルハーモニー管弦楽団,ウィーン・フィルハーモニー管弦楽団,芸術
日本語で「円舞曲」といえばどんな曲のことでしょう？,ワルツ,ロンド,エチュード,カンタータ,芸術
日本語で「練習曲」といえばどんな曲のことでしょう？,エチュード,プレリュード,カンタータ,ソナタ,芸術
日本語で「交響曲」といえばどんな曲のことでしょう？,シンフォニー,コンチェルト,ラプソディー,フーガ,芸術
日本語で「協奏曲」といえばどんな曲のことでしょう？,コンチェルト,シンフォニー,ラプソディー,プレリュード,芸術
日本語で「狂詩曲」といえばどんな曲のことでしょう？,ラプソディー,ディヴェルティメント,ロンド,ソナタ,芸術
日本語で「鎮魂歌」といえばどんな曲のことでしょう？,レクイエム,ノクターン,ロンド,フーガ,芸術
日本語で「喜遊曲」といえばどんな曲のことでしょう？,ディヴェルティメント,ラプソディー,カプリッチョ,カンタータ,芸術
日本語で「奇想曲」といえばどんな曲のことでしょう？,カプリッチョ,ラプソディー,ディヴェルティメント,カンタータ,芸術
日本語で「交声曲」といえばどんな曲のことでしょう？,カンタータ,カプリッチョ,ソナタ,フーガ,芸術
日本語で「遁走曲」といえばどんな曲のことでしょう？,フーガ,ディヴェルティメント,カンタータ,ソナタ,芸術
日本語で「夜想曲」といえばどんな曲のことでしょう？,ノクターン,レクイエム,ディヴェルティメント,ソナタ,芸術
日本語で「前奏曲」といえばどんな曲のことでしょう？,プレリュード,エチュード,ワルツ,カンタータ,芸術
日本語で「奏鳴曲」といえばどんな曲のことでしょう？,ソナタ,コンチェルト,シンフォニー,ラプソディー,芸術
日本語で「輪舞曲」といえばどんな曲のことでしょう？,ロンド,ワルツ,フーガ,ノクターン,芸術
ベートーベンが手がけた唯一のオペラ作品はどれでしょう？,フィデリオ,ゲノフェーファ,カルメン,椿姫,芸術
ロベルト・シューマンが手がけた唯一のオペラ作品はどれでしょう？,ゲノフェーファ,フィデリオ,カルメン,椿姫,芸術
ベートーベンが生まれた都市はどこでしょう？,ボン,ベルリン,ハンブルク,ミュンヘン,芸術
ブラームスが生まれた都市はどこでしょう？,ハンブルク,ボン,ベルリン,ミュンヘン,芸術
『官僚的なソナチネ』『犬のためのぶよぶよとした前奏曲』『冷たい小品』『梨の形をした3つの小品』『胎児の干物』『裸の子供たち』といった作品に奇妙な題名をつけたことでも知られる音楽家は誰でしょう？,サティ,ラヴェル,リスト,モーツァルト,芸術
次のうち、日本三大奇書に含まれないのはどれでしょう？,匣の中の失楽,ドグラ・マグラ,黒死館殺人事件,虚無への供物,人文科学
四天王のうち、別名を毘沙門天というのは誰でしょう？,北方の多聞天,東方の持国天,南方の増長天,西方の広目天,人文科学
次のうち、自身は四天王ではなく、四天王が仕える神なのは誰でしょう？,帝釈天,持国天,増長天,多聞天,人文科学
数え61歳の賀のお祝いを何というでしょう？,還暦,古希,喜寿,傘寿,人文科学
数え70歳の賀のお祝いを何というでしょう？,古希,喜寿,傘寿,半寿,人文科学
数え77歳の賀のお祝いを何というでしょう？,喜寿,古希,傘寿,半寿,人文科学
数え80歳の賀のお祝いを何というでしょう？,傘寿,古希,喜寿,半寿,人文科学
数え81歳の賀のお祝いを何というでしょう？,半寿,米寿,卒寿,白寿,人文科学
数え88歳の賀のお祝いを何というでしょう？,米寿,卒寿,白寿,上寿,人文科学
数え90歳の賀のお祝いを何というでしょう？,卒寿,白寿,上寿,茶寿,人文科学
数え99歳の賀のお祝いを何というでしょう？,白寿,上寿,茶寿,半寿,人文科学
数え100歳の賀のお祝いを何というでしょう？,上寿,茶寿,卒寿,白寿,人文科学
数え108歳の賀のお祝いを何というでしょう？,茶寿,卒寿,白寿,上寿,人文科学
論語では15歳を何というでしょう？,志学,而立,不惑,知命,人文科学
論語では30歳を何というでしょう？,而立,志学,不惑,知命,人文科学
論語では40歳を何というでしょう？,不惑,知命,耳順,従心,人文科学
論語では50歳を何というでしょう？,知命,耳順,従心,不惑,人文科学
論語では60歳を何というでしょう？,耳順,知命,不惑,従心,人文科学
論語では70歳を何というでしょう？,従心,不惑,知命,耳順,人文科学
二十四節では1月5日頃頃を何というでしょう？,小寒,大寒,立春,大雪,人文科学
二十四節では1月20日頃を何というでしょう？,大寒,小寒,立春,大雪,人文科学
二十四節では2月4日頃を何というでしょう？,立春,大寒,小寒,雨水,人文科学
二十四節では2月19日頃を何というでしょう？,雨水,啓蟄,大寒,小寒,人文科学
二十四節では3月6日頃を何というでしょう？,啓蟄,清明,立春,大寒,人文科学
二十四節では3月21日頃を何というでしょう？,春分,啓蟄,清明,立春,人文科学
二十四節では4月5日頃を何というでしょう？,清明,春分,啓蟄,穀雨,人文科学
二十四節では4月20日頃を何というでしょう？,穀雨,清明,春分,立夏,人文科学
二十四節では5月5日頃を何というでしょう？,立夏,穀雨,清明,小満,人文科学
二十四節では5月21日頃を何というでしょう？,小満,立夏,穀雨,芒種,人文科学
二十四節では6月6日頃を何というでしょう？,芒種,小満,立夏,小暑,人文科学
二十四節では6月21日頃を何というでしょう？,夏至,芒種,小満,小暑,人文科学
二十四節では7月7日頃を何というでしょう？,小暑,大暑,芒種,立秋,人文科学
二十四節では7月23日頃を何というでしょう？,大暑,小暑,立秋,処暑,人文科学
二十四節では8月7日頃を何というでしょう？,立秋,大暑,小暑,処暑,人文科学
二十四節では8月23日頃を何というでしょう？,処暑,白露,大暑,寒露,人文科学
二十四節では9月8日頃を何というでしょう？,白露,処暑,霜降,寒露,人文科学
二十四節では9月23日頃を何というでしょう？,秋分,白露,処暑,寒露,人文科学
二十四節では10月8日頃を何というでしょう？,寒露,霜降,白露,立冬,人文科学
二十四節では10月24日頃を何というでしょう？,霜降,寒露,立冬,小雪,人文科学
二十四節では11月7日頃を何というでしょう？,立冬,霜降,寒露,小雪,人文科学
二十四節では11月22日頃を何というでしょう？,小雪,立冬,霜降,小寒,人文科学
二十四節では12月7日頃を何というでしょう？,大雪,小雪,小寒,大寒,人文科学
二十四節では12月22日頃を何というでしょう？,冬至,小寒,大寒,大雪,人文科学
第1回の芥川賞を受賞した作者と筆者の組み合わせとして正しいものはどれでしょう？,石井達三「蒼氓」,火野葦平「糞尿譚」,川口松太郎「鶴八鶴次郎」,井伏鱒二「ジョン萬次郎漂流記」,人文科学
第1回の直木賞を受賞した作家は誰でしょう？,川口松太郎,石井達三,火野葦平,井伏鱒二,人文科学
「海鷂魚」は何と読むでしょう？,エイ,ワカサギ,シイラ,マグロ,人文科学
「公魚」は何と読むでしょう？,ワカサギ,ヒラメ,カレイ,タチウオ,人文科学
「海松貝」は何と読むでしょう？,ミルガイ,シジミ,アサリ,ハマグリ,人文科学
「黍魚子」は何と読むでしょう？,キビナゴ,アイナメ,イワシ,ウグイ,人文科学
「石斑魚」は何と読むでしょう？,ウグイ,カジカ,カジキ,オコゼ,人文科学
「梭魚」は何と読むでしょう？,カマス,カジキ,カジカ,オコゼ,人文科学
「鮴」は何と読むでしょう？,ゴリ,ボラ,ハゼ,ハモ,人文科学
「鯊」は何と読むでしょう？,ハゼ,ボラ,ゴリラ,ハモ,人文科学
「海鞘」は何と読むでしょう？,ホヤ,ミズダコ,マダコ,ウニ,人文科学
「大蚊」は何と読むでしょう？,ガガンボ,ヤブカ,ブヨ,ヒル,人文科学
「紙虫」は何と読むでしょう？,シミ,ゴキブリ,アリ,シロアリ,人文科学
「蚋」は何と読むでしょう？,ブヨ,アブ,ヒル,ヤスデ,人文科学
「胡蜂」は何と読むでしょう？,スズメバチ,アブ,クマバチ,ミツバチ,人文科学
「馬陸」は何と読むでしょう？,ヤスデ,ヒル,ブヨ,ムカデ,人文科学
「椿象」は何と読むでしょう？,カメムシ,アジアゾウ,ゾウムシ,アリクイ,人文科学
「螻蛄」は何と読むでしょう？,オケラ,ヤゴ,ヒル,ヒグラシ,人文科学
「巻繊汁」は何と読むでしょう？,ケンチンジル,スマシジル,シャンパン,アマザケ,人文科学
「醴」は何と読むでしょう？,アマザケ,シャンパン,ビール,ウイスキー,人文科学
「瓊脂」は何と読むでしょう？,トコロテン,ゼリー,ゼラチン,ラード,人文科学
「雪花菜」は何と読むでしょう？,オカラ,ヒジキ,ソボロ,ボーロ,人文科学
「芙蓉蟹」は何と読むでしょう？,カニタマ,カニカマ,タラバガニ,マツバガニ,人文科学
「三鞭酒」は何と読むでしょう？,シャンパン,ビール,ウイスキー,バーボン,人文科学
「捏」は何と読むでしょう？,ツクネ,オニギリ,ハンバーグ,キリタンポ,人文科学
「卵糖」は何と読むでしょう？,カステラ,グラニュートウ,ボーロ,ケーキ,人文科学
「塩汁鍋」は何と読むでしょう？,ショッツルナベ,モツナベ,シャブシャブ,チャンコナベ,人文科学
「乾蒸餅」は何と読むでしょう？,ビスケット,クッキー,カンパン,オカラ,人文科学
「山梔子」は何と読むでしょう？,クチナシ,サフラン,シナモン,ウコン,人文科学
「鳳仙花」は何と読むでしょう？,ホウセンカ,カキツバタ,ジャスミン,ムクゲ,人文科学
「燕子花」は何と読むでしょう？,カキツバタ,ホウセンカ,ジャスミン,ムクゲ,人文科学
「含羞草」は何と読むでしょう？,オジギソウ,ワスレナグサ,クモマグサ,タンポポ,人文科学
「木槿」は何と読むでしょう？,ムクゲ,カキツバタ,ホウセンカ,ジャスミン,人文科学
「鵆」は何と読むでしょう？,チドリ,ヒヨドリ,カササギ,コウノトリ,人文科学
「鵯」は何と読むでしょう？,ヒヨドリ,チドリ,カササギ,コウノトリ,人文科学
「信天翁」は何と読むでしょう？,アホウドリ,コウノトリ,ユリカモメ,ウミネコ,人文科学
「鵲」は何と読むでしょう？,カササギ,チドリ,ヒヨドリ,コウノトリ,人文科学
「鸛」は何と読むでしょう？,コウノトリ,カササギ,チドリ,ウミネコ,人文科学
「竜髭菜」は何と読むでしょう？,アスパラガス,トウガラシ,ニンニク,ニラ,人文科学
「朱欒」は何と読むでしょう？,ザボン,カボス,マンゴー,ポンカン,人文科学
「臭橙」は何と読むでしょう？,カボス,ザボン,カボス,スダチ,人文科学
「檬果」は何と読むでしょう？,マンゴー,レモン,ザボン,パパイヤ,人文科学
「蕃瓜樹」は何と読むでしょう？,パパイヤ,マンゴー,カボス,ポンカン,人文科学
「棗」は何と読むでしょう？,ナツメ,コショウ,トウガラシ,ニラ,人文科学
「椪柑」は何と読むでしょう？,ポンカン,マンゴー,ザボン,カボス,人文科学
「蕃椒」は何と読むでしょう？,トウガラシ,コショウ,ナツメ,ニラ,人文科学
「飃」は何と読むでしょう？,ツムジカゼ,カマイタチ,タイフウ,タツマキ,人文科学
「靄」は何と読むでしょう？,モヤ,ヒョウ,アラレ,ミゾレ,人文科学
「雹」は何と読むでしょう？,ヒョウ,モヤ,アラレ,ミゾレ,人文科学
「霰」は何と読むでしょう？,アラレ,モヤ,ヒョウ,ミゾレ,人文科学
「霙」は何と読むでしょう？,ミゾレ,モヤ,ヒョウ,アラレ,人文科学
「霖」は何と読むでしょう？,ナガアメ,モヤ,ヒョウ,アラレ,人文科学
「糸雨」は何と読むでしょう？,シウ,ナガアメ,アラレ,ヒョウ,人文科学
「鯑」は何と読むでしょう？,カズノコ,コノシロ,サヨリ,アメフラシ,人文科学
「鮗」は何と読むでしょう？,コノシロ,カズノコ,サヨリ,アメフラシ,人文科学
「細魚」は何と読むでしょう？,サヨリ,カズノコ,コノシロ,アメフラシ,人文科学
「雨虎」は何と読むでしょう？,アメフラシ,カズノコ,ウニ,ウミウシ,人文科学
「楪」は何と読むでしょう？,ユズリハ,サカキ,ミカン,ムクゲ,人文科学
「海狗」は何と読むでしょう？,オットセイ,セイウチ,アシカ,アザラシ,人文科学
「海象」は何と読むでしょう？,セイウチ,オットセイ,アシカ,アザラシ,人文科学
「海驢」は何と読むでしょう？,アシカ,オットセイ,セイウチ,アザラシ,人文科学
「海豹」は何と読むでしょう？,アザラシ,オットセイ,セイウチ,アシカ,人文科学
「鮎並」は何と読むでしょう？,アイナメ,ヤマメ,マス,イワナ,人文科学
「御虎子」は何と読むでしょう？,オマル,オモチャ,オカシ,タマゴ,人文科学
「馴鹿」は何と読むでしょう？,トナカイ,ヤク,カモシカ,レイヨウ,人文科学
「避役」は何と読むでしょう？,カメレオン,ナナフシ,ギタイ,カクレンボ,人文科学
「没分暁漢」は何と読むでしょう？,ワカラズヤ,ダダッコ,キブンヤ,モンガイカン,人文科学
「燐寸」は何と読むでしょう？,マッチ,ライター,ヒバチ,タイマツ,人文科学
「桜桃」は何と読むでしょう？,サクランボ,アーモンド,スモモ,アプリコット,人文科学
「蕃茄」は何と読むでしょう？,トマト,トウガラシ,ナス,アボカド,人文科学
「鰐梨」は何と読むでしょう？,アボカド,ラフランス,マンゴー,パパイヤ,人文科学
「鳳梨」は何と読むでしょう？,パイナップル,ラフランス,マンゴー,パパイヤ,人文科学
「扁桃」は何と読むでしょう？,アーモンド,サクランボ,アプリコット,スモモ,人文科学
「菠薐草」は何と読むでしょう？,ホウレンソウ,チンゲンサイ,コマツナ,ワカメ,人文科学
「鹿尾菜」は何と読むでしょう？,ヒジキ,オカラ,チンゲンサイ,コマツナ,人文科学
「蝌蚪」は何と読むでしょう？,オタマジャクシ,ヤゴ,ガガンボ,ボウフラ,人文科学
「猟虎」は何と読むでしょう？,ラッコ,アメフラシ,ウミウシ,ヒョウ,人文科学
「翡翠」は何と読むでしょう？,カワセミ,ブッポウソウ,ヤマセミ,ハクレイ,人文科学
「孑孑」は何と読むでしょう？,ボウフラ,ヤゴ,ガガンボ,オタマジャクシ,人文科学
「樹懶」は何と読むでしょう？,ナマケモノ,オランウータン,アリクイ,ヒヒ,人文科学
「沈菜」は何と読むでしょう？,キムチ,ツケモノ,シャブシャブ,スグキ,人文科学
「薯蕷」は何と読むでしょう？,トロロ,ジャガイモ,サトイモ,レンコン,人文科学
「麺麭」は何と読むでしょう？,パン,チーズ,バター,ヨーグルト,人文科学
「猩猩」は何と読むでしょう？,オランウータン,チンパンジー,ゴリラ,ヒヒ,人文科学
「黒猩猩」は何と読むでしょう？,チンパンジー,オランウータン,ゴリラ,ヒヒ,人文科学
「大猩猩」は何と読むでしょう？,ゴリラ,オランウータン,チンパンジー,ヒヒ,人文科学
「狒々」は何と読むでしょう？,ヒヒ,オランウータン,チンパンジー,ゴリラ,人文科学
「車厘」は何と読むでしょう？,ゼリー,シャリ,ガレージ,タイヤ,人文科学
イザナギとイザナミが行った「国産み」で産んだ大八島のうち、最初に産まれた島は次のうちどれでしょう？,淡路島,隠岐島,壱岐島,対馬,人文科学
イザナギとイザナミが行った「国産み」で産んだ大八島のうち、最後に生まれた島は次のうちどれでしょう？,本州,四国,九州,佐渡島,人文科学
洋菓子の「エクレア」の意味はなんでしょうか？,稲妻,台風,突風,吹雪,ライフスタイル
卵を長持ちさせるという方法とは何でしょうか？,卵の丸味のある方を上にしておく,卵のとがった方を上にしておく,卵を横向きに置く,卵の上下を一日毎に入れ替える,ライフスタイル
パフェとサンデーの違いは何でしょうか？,作られた国,値段,器,具材,ライフスタイル
「チャーハン」と「焼き飯」の違いは何でしょう？,卵を入れる順番,違いはない,具材,油,ライフスタイル
肉の焼き加減でレアより生に近いものは次のうち、どれでしょう？,ブルー,レッド,ピンク,ホワイト,ライフスタイル
シーザーサラダのシーザーの由来は何でしょう？,料理人,皇帝,俳優,猫,ライフスタイル
掃除機のコードの黄色の印の意味は何でしょう？,黄色シールまでコードを伸ばさなければいけない,黄色シール以降はコードを出してはいけない,コードを伸ばして10mの場所,もうすぐコードがなくなることを知らせる,ライフスタイル
釣り上げたばかりのマグロを食べない理由は何でしょう？,おいしくないから,身が堅いから,凍らせて寄生虫を殺す必要があるから,死後数時間は血液に毒があるから,ライフスタイル
近畿地方の一部や中国地方の一部で「サンライズ」といえば、どんなパンのことでしょう？,メロンパン,クリームパン,ベーグル,チョココロネ,ライフスタイル
かつては「シメジ」として売られていたものの、全く別のキノコであるのはどれでしょう？,ヒラタケ,クリタケ,ブナシメジ,ツクリタケ,ライフスタイル
和名を「ツクリタケ」という、キノコはどれでしょう？,マッシュルーム,エリンギ,ポルチーニ,トリュフ,ライフスタイル
一般的に流通しているフカヒレは、何のヒレでしょう？,ヨシキリザメ,ウバザメ,イタチザメ,ネコザメ,ライフスタイル
カップラーメンのパッケージには必ず上級、標準のどちらかが印刷されていますが、その違いはなんでしょう？,かやくの量,標準小売価格,容器の材質,液体スープの有無,ライフスタイル
血圧測定時に上腕に巻き付ける環状帯と、骨付き肉の骨の部分に付ける巻き紙に共通する名前は何でしょう？,マンシェット,チョップフラワー,ペーパーフリル,ボーンリング,ライフスタイル
スーパーで販売されている魚や肉の切り身の下に敷かれている、血液などを吸い取る白いシートを何というでしょう？,ドラキュラマット,ヤマビルシート,バットマット,モスキートシート,ライフスタイル
スーパーなどにある購入した商品を袋詰めする台のことを何というでしょう？,サッカー台,ラグビー台,バレー台,テニス台,ライフスタイル
醍醐味という言葉は、「醍醐」という食べ物が美味しいことから出来たとされますが、「醍醐」とはどのような食べ物でしょうか？,乳製品,魚の燻製,納豆の一種,貝の干物,ライフスタイル
炭酸ガスが弾ける際の擬声語が語源となっているカクテルは、次のうちどれでしょう？,フィズ,サワー,スリング,コリンズ,ライフスタイル
次のうち、ウォッカとオレンジジュースを合わせたカクテルはどれでしょう？,スクリュードライバー,ピニャ・コラーダ,マルガリータ,モスコミュール,ライフスタイル
次のうち、ウォッカとトマトジュースを合わせたカクテルはどれでしょう？,ブラッディ・マリー,スクリュー・ドライバー,レッドアイ,モスコミュール,ライフスタイル
次のうち、ウォッカ、コアントロー、ライムジュース、クランベリージュースを合わせたカクテルはどれでしょう？,コスモポリタン,マティーニ,ゴッドファーザー,マンハッタン,ライフスタイル
次のうち「カクテルの王様」ともいわれる、ジンとベルモットを合わせたカクテルはどれでしょう？,マティーニ,コスモポリタン,ゴッドファーザー,マンハッタン,ライフスタイル
次のうち、ジン、チェリｰブランデー、レモンジュース、ソーダ水等を合わせたカクテルはどれでしょう？,シンガポール・スリング,マイタイ,ピニャ・コラーダ,カイピリーニャ,ライフスタイル
次のうち、テキーラ、オレンジジュース、グレナデンシロップを合わせたカクテルはどれでしょう？,テキーラ・サンライズ,マルガリータ,ピニャ・コラーダ,カイピリーニャ,ライフスタイル
次のうち、ラム、ココナッツミルク、パイナップルジュースを合わせたカクテルはどれでしょう？,ピニャ・コラーダ,カイピリーニャ,ダイキリ,マイタイ,ライフスタイル
次のうち、シャンパンとオレンジジュースを合わせたカクテルはどれでしょう？,ミモザ,キール,スクリュードライバー,モスコミュール,ライフスタイル
次のうち、テキーラ、コアントロー、レモンジュース等を合わせたカクテルはどれでしょう？,マルガリータ,コスモポリタン,テキーラ・サンライズ,ルシアン,ライフスタイル
次のうち、ウォッカ、ジン、カカオリキュールを合わせたカクテルで、アルコール度数が高いわりに甘くて飲みやすいことから「レディキラーカクテル」ともいわれるのは、どれでしょう？,ルシアン,ロングアイランドアイスティー,ゴッドファーザー,ゴッドマザー,ライフスタイル
次のうち、ウイスキーとアマレットを合わせたカクテルはどれでしょう？,ゴッドファーザー,ゴッドマザー,マンハッタン,コスモポリタン,ライフスタイル
次のうち、ラバに蹴飛ばされたように効いてくることから名前が付けられたとされる、ウォッカ、ライムジュース、ジンジャーエール等を合わせたカクテルはどれでしょう？,モスコミュール,マイタイ,ダイキリ,カイピリーニャ,ライフスタイル
次のうち、ウォッカとアマレットを合わせたカクテルはどれでしょう？,ゴッドマザー,ゴッドファーザー,コスモポリタン,ルシアン,ライフスタイル
ポルトガル語で「田舎者」という意味を持つ、カシャッサにライムと砂糖を入れたカクテルは、次のうちどれでしょう？,カイピリーニャ,ピニャ・コラーダ,ダイキリ,マイタイ,ライフスタイル
キューバの鉱山の名前に由来し、ラムとライムジュースを合わせたカクテルは、次のうちどれでしょう？,ダイキリ,マイタイ,キール,ミモザ,ライフスタイル
次のうち「カクテルの女王」ともいわれる、ウイスキー、ベルモット、ビターズを合わせたカクテルはどれでしょう？,マンハッタン,シンガポール・スリング,コスモポリタン,ゴッドマザー,ライフスタイル
次のうち、白ワインにカシスリキュールを合わせたカクテルはどれでしょう？,キール,ミモザ,アメリカーノ,ロングアイランドアイスティー,ライフスタイル
天台宗を学び、後に浄土宗の開祖となったのは誰でしょう？,法然,最澄,道元,親鸞,歴史
次のうち、悪人正機説を唱え、専修念仏を徹底した、浄土真宗の開祖は誰でしょう？,親鸞,法然,最澄,道元,歴史
次のうち、男女や身分、信仰の有無に関係なく、念仏を唱えれば等しく救われると説いた時宗の開祖は誰でしょう？,一遍,親鸞,法然,最澄,歴史
次のうち、「南無妙法蓮華経」と唱えると成仏できると説いた法華宗の開祖は誰でしょう？,日蓮,一遍,親鸞,法然,歴史
次のうち、鎌倉時代に南宋にに留学し、禅宗を日本に持ち帰った臨済宗の開祖は誰でしょう？,栄西,法然,空海(弘法大師),親鸞,歴史
次のうち、無限の修行こそが成仏であり、座禅の悟りを姿とした只管打坐を教義とする曹洞宗の開祖は誰でしょう？,道元,栄西,法然,一遍,歴史
次のうち、「法華経」を根本経典とし、すべての人に仏性があると説いている天台宗の開祖は誰でしょう？,最澄,道元,栄西,日蓮,歴史
次のうち、遣唐使に随行して長安で密教を学び、帰国後に真言宗の開祖となったのは誰でしょう？,空海(弘法大師),最澄,親鸞,栄西,歴史
次のうち、中国詩歌史上において「詩聖」と称されるのは誰でしょう？,杜甫,李白,王維,韓愈,歴史
次のうち、中国詩歌史上において「詩仙」と称されるのは誰でしょう？,李白,杜甫,白居易,韓愈,歴史
次の千利休を流祖とする茶道流派のうち、「三千家」に含まれないのはどれでしょう？,堺千家,表千家,裏千家,武者小路千家,歴史
次のうち、いわゆる「元寇」の1回目にあたるのはどれでしょう？,文永の役,弘安の役,文禄の役,慶長の役,歴史
次のうち、いわゆる「元寇」の2回目にあたるのはどれでしょう？,弘安の役,文永の役,文禄の役,慶長の役,歴史
次のうち、豊臣秀吉の朝鮮出兵の1回目にあたるのはどれでしょう？,文禄の役,慶長の役,文永の役,弘安の役,歴史
次のうち、豊臣秀吉の朝鮮出兵の2回目にあたるのはどれでしょう？,慶長の役,文禄の役,文永の役,弘安の役,歴史
次の女性天皇のうち、重祚したため皇極天皇と同一人物なのは誰でしょう？,斉明天皇,持統天皇,元明天皇,孝謙天皇,歴史
次の女性天皇のうち、重祚したため孝謙天皇と同一人物なのは誰でしょう？,称徳天皇,斉明天皇,後桜町天皇,明正天皇,歴史
2019年現在、最後の女性天皇は誰でしょう？,後桜町天皇,明正天皇,称徳天皇,皇極天皇,歴史
鎌倉幕府第8代執権で、元寇を退けた英雄とされるのは誰でしょう？,北条時宗,北条泰時,北条時政,北条義時,歴史
鎌倉幕府第3代執権で、御成敗式目を制定したのは誰でしょう？,北条泰時,北条時宗,北条時政,北条義時,歴史
鎌倉幕府初代執権で、源頼朝の義父及び北条政子の実父にあたるのは誰でしょう？,北条時政,北条泰時,北条時宗,北条義時,歴史
モンゴル帝国から分裂した元以外の国家、いわゆる「4ハン国」のうち、ジュンガリア地方に成立し、首都をエミールに置いたのはどこでしょう？,オゴタイ・ハン国,チャガタイ・ハン国,キプチャク・ハン国,イル・ハン国,歴史
モンゴル帝国から分裂した元以外の国家、いわゆる「4ハン国」のうち、シルダリア川流域に成立し、首都をアルマリクに置いたのはどこでしょう？,チャガタイ・ハン国,オゴタイ・ハン国,キプチャク・ハン国,イル・ハン国,歴史
モンゴル帝国から分裂した元以外の国家、いわゆる「4ハン国」のうち、バトゥが南ロシアに建国し、首都をサライに置いたのはどこでしょう？,キプチャク・ハン国,オゴタイ・ハン国,チャガタイ・ハン国,イル・ハン国,歴史
モンゴル帝国から分裂した元以外の国家、いわゆる「4ハン国」のうち、フラグがイランに建国し、首都をタブリーズに置いたのはどこでしょう？,イル・ハン国,オゴタイ・ハン国,チャガタイ・ハン国,キプチャク・ハン国,歴史
次の大火のうち、江戸三大大火に数えられない大火はどれでしょう？,天和の大火,明暦の大火,明和の大火,文化の大火,歴史
次の大火のうち、別名「振袖火事」といわれる大火はどれでしょう？,明暦の大火,天和の大火,明和の大火,文化の大火,歴史
次の大火のうち、別名「八百屋お七の火事」といわれる大火はどれでしょう？,天和の大火,明暦の大火,明和の大火,文化の大火,歴史
次の大火のうち、別名「目黒行人坂の大火」といわれる大火はどれでしょう？,明和の大火,明暦の大火,天和の大火,文化の大火,歴史
次の大火のうち、別名「丙寅の大火」といわれる大火はどれでしょう？,文化の大火,明和の大火,明暦の大火,天和の大火,歴史
次の公会議のうち、325年に開催され、アリウス派を排斥し、復活祭の日付を確定させたのはどれでしょう？,第1ニカイア公会議,クレルモン公会議,トリエント公会議,コンスタンツ公会議,歴史
次の公会議のうち、1095年に開催され、教皇ウルバヌス2世が十字軍宣言を行ったのはどれでしょう？,クレルモン公会議,第1ニカイア公会議,トリエント公会議,コンスタンツ公会議,歴史
次の公会議のうち、1545年から開催され、カトリック教会の教義の再確認を行ったのはどれでしょう？,トリエント公会議,第1ニカイア公会議,クレルモン公会議,コンスタンツ公会議,歴史
次の公会議のうち、1414年から開催され、対立教皇の廃止、教会大分裂(シスマ)を終結、ウィクリフとフスを有罪としたのはどれでしょう？,コンスタンツ公会議,第1ニカイア公会議,クレルモン公会議,トリエント公会議,歴史
共和制ローマで行われた第1回三頭政治の一員ではないのは次のうち、誰でしょう？,マルクス・アントニウス,ガイウス・ユリウス・カエサル,グナエウス・ポンペイウス,マルクス・リキニウス・クラッスス,歴史
共和制ローマで行われた第2回三頭政治の一員ではないのは次のうち、誰でしょう？,マルクス・リキニウス・クラッスス,ガイウス・ユリウス・カエサル・オクタウィアヌス,マルクス・アントニウス,マルクス・アエミリウス・レピドゥス,歴史
奈良県明日香村で発掘された、玄武像、白虎像、天文図などが描かれている7世紀末～8世紀初めの装飾古墳は何でしょう？,キトラ古墳,高松塚古墳,石舞台古墳,コナベ古墳,歴史
ドイツ皇帝ヴィルヘルム2世によって主導された、都市間を鉄道で結ぶ「３B政策」に含まれない都市はどれでしょう？,ベルン,ベルリン,ビザンチウム,バグダード,歴史
19世紀後半から20世紀前半においてイギリスが推進した世界政策で、都市間を鉄道で結ぶ「3C政策」に含まれない都市はどれでしょう？,カーディフ,ケープタウン,カイロ,カルカッタ,歴史
ヨシフ・スターリンの重要な側近であり、スターリンの死後、ソビエト連邦の第3代最高指導者を務めたのは誰でしょう？,マレンコフ,フルシチョフ,アンドロポフ,ブレジネフ,歴史
歴代のアメリカ合衆国大統領のうち、在任期間が31日と最も短いのは次のうち誰でしょう？,ウィリアム・ハリソン,リチャード・ニクソン,ジェームズ・ガーフィールド,ザカリー・テイラー,歴史
歴代のアメリカ合衆国大統領のうち、アメリカ大統領選挙に一度も勝利したことがないのは、次のうち誰でしょう？,ジェラルド・フォード,リチャード・ニクソン,ジェームズ・ガーフィールド,ザカリー・テイラー,歴史
次のイングランド王のうち、王権神授説を唱えて、専制政治を行い、イギリス国教会の信仰を国民に強制したため、ピューリタンの反発を招き、ピルグリム・ファーザーズ誕生のきっかけとなったのは誰でしょう？,ジェームズ1世,チャールズ1世,チャールズ2世,ジェームズ2世,歴史
次のイングランド王のうち、1628年に議会から権利の請願を提出されたが無視し、ピューリタン革命によってクロムウェルらに処刑されたのは誰でしょう？,チャールズ1世,ジェームズ1世,チャールズ2世,ジェームズ2世,歴史
次のイングランド王のうち、クロムウェルの死後、王政復古を望む声が高まったことにより就任したものの、ピューリタンを弾圧し、強権的な政治を行ったため、議会が審査法、人身保護法を制定するきっかけとなったのは誰でしょう？,チャールズ2世,ジェームズ1世,チャールズ1世,ジェームズ2世,歴史
次のイングランド王のうち、娘のメアリの夫であるウィリアム3世が議会により王として招かれたため、処刑を恐れて国外に逃亡し、これが「名誉革命」と呼ばれているのは誰でしょう？,ジェームズ2世,ジェームズ1世,チャールズ1世,チャールズ2世,歴史
穴人国の国司が朝廷にある珍しい動物が献上したことに由来する、「大化」に次ぐ日本で2番目の元号は何でしょう？,白雉,朱鳥,霊亀,元亀,歴史
昭和、明治に次いで3番目に長く続いた元号は何でしょう？,応永,延暦,正平,平成,歴史
漢字4文字である日本の元号のうち、一番初めに使われた元号はどれでしょう？,天平感宝,天平勝宝,天平神護,天平宝字,歴史
漢字4文字である日本の元号のうち、一番最後に使われた元号はどれでしょう？,神護景雲,天平勝宝,天平神護,天平宝字,歴史
明治の前の元号は何でしょう？,慶応,元治,文久,万延,歴史
カナダのボンバルディアと並ぶ、小型航空機メーカー「エンブラエル」はどこの国の企業でしょう？,ブラジル,アルゼンチン,メキシコ,ベネズエラ,社会科学
先進国首脳会議がG8である時代は参加し、G7である時代は不参加である国はどこでしょう？,ロシア,カナダ,イタリア,ドイツ,社会科学
次の世界的企業のうち、スウェーデン発祥の企業ではない企業はどれでしょう？,ノキア(通信),H&M(ファッション),ボルボ(自動車),IKEA(家具),社会科学
次の景気循環のうち、変動周期が約40カ月(短期波動)であり、要因が企業の在庫変動であるものを何というでしょう？,キチンの波,コンドラチェフの波,クズネッツの波,ジュグラーの波,社会科学
次の景気循環のうち、変動周期が約10年(中期波動)であり、要因が企業の設備投資であるものを何というでしょう？,ジュグラーの波,コンドラチェフの波,クズネッツの波,キチンの波,社会科学
次の景気循環のうち、変動周期が約20年であり、要因が建設需要であるものを何というでしょう？,クズネッツの波,コンドラチェフの波,ジュグラーの波,キチンの波,社会科学
次の景気循環のうち、変動周期が約50年(長期波動)であり、要因が技術革新であるものを何というでしょう？,コンドラチェフの波,クズネッツの波,ジュグラーの波,キチンの波,社会科学
所得の増大に比例して、住居費の支出も増えるが、家計支出全体に占める割合は低下するという法則は何というでしょう？,シュワーベの法則,パレートの法則,オークンの法則,セイの法則,社会科学
非貨幣市場の総供給と総需要が常に一致するというのは何の法則でしょう？,セイの法則,シュワーベの法則,パレートの法則,オークンの法則,社会科学
約2割の高額所得者が所得総額の8割を占めているという所得分布の経験則を何の法則というでしょう？,パレートの法則,シュワーベの法則,エンゲルの法則,セイの法則,社会科学
失業率が0.55％増加すれば、潜在的生産量に対して国内総生産量は約1％下回ることを何の法則というでしょう？,オークンの法則,シュワーベの法則,エンゲルの法則,セイの法則,社会科学
国際連合の主要機関のうち、現在任務が終了しているのはどれでしょう？,信託統治理事会,経済社会理事会,国際司法裁判所,事務局,社会科学
国連安全保障理事会の決議は、常任理事国が全て賛成かつ、何か国以上の賛成が必要でしょう？,9,10,8,11,社会科学
為替相場の安定と貿易拡大を推進し、赤字国に一時的融資を行う「国際通貨基金」の略称は次のうちどれでしょう？,IMF,IBRD,FAO,UPU,社会科学
第二次世界大戦後の各国の経済面での復興を援助するために設立され、1947年からは国連の専門機関になった「国際復興開発銀行」の略称は次のうちどれでしょう？,IBRD,IMF,FAO,UPU,社会科学
世界の貧困と飢餓の消滅を目的とし、食料の生産と分配の改善を図っている「国際食糧農業機関」の略称は何でしょう？,FAO,IFAD,ITU,UPU,社会科学
戦争などで母国にいられなくなった難民の保護、救済活動を行っている「国連難民高等弁務官事務所」の略称は何でしょう？,UNHCR,UNCTAD,UNIDO,UPU,社会科学
世界の電信・電話・無線通信サービスの使用を調整し、規格に関する協定をつくる「国際電気通信連合」の略称は何でしょう？,ITU,FAO,WIPO,ICAO,社会科学
2001年に中国、ロシア、カザフスタン、キルギス、タジキスタン、ウズベキスタン6か国で組織された軍事や経済居力を目的とした機構「上海協力機構」の略称は何でしょう？,SCO,CIS,WIPO,ICAO,社会科学
気象事情の国際的な標準化と改善及び調整を行い、気商標法の伝達活動を統合する「世界気象機関」の略称は何でしょう？,WMO,ITU,WIPO,IMO,社会科学
1874年の国際郵便条約によって設立した加盟国間の郵便事業の協力、調整を促進する「万国郵便連合」の略称は何でしょう？,UPU,ITU,WIPO,IMO,社会科学
世界で知的財産の保護を促進することを目的とし、条約の作成や国際登録業務を行っている「世界知的所有権機関」の略称は何でしょう？,WIPO,ITU,ICAO,IMO,社会科学
発展途上国の食糧増産と農業開発を支援している「国際農業開発基金」の略称は何でしょう？,IFAD,FAO,WIPO,IMO,社会科学
開発途上国の経済発展のために工業化を技術面から支援している「国連工業開発機関」の略称は何でしょう？,UNIDO,UNHCR,UNCTAD,WIPO,社会科学
国際民間航空の安全と発展を目的とし、運航の減速や航空技術を開発・制定している「国際民間航空機関」の略称は何でしょう？,ICAO,IAEA,IMO,FAO,社会科学
発展途上国の経済開発促進と南北問題の経済格差是正のために国際連合が設けた会議で、国際連合の補助機関である「国際連合貿易開発会議」の略称は何でしょう？,UNCTAD,UNHCR,UNIDO,FAO,社会科学
海城航行の安全性や開運技術の向上や海上汚染の防止を目指す「国際海事機関」の略称は何でしょう？,IMO,ILO,IAEA,FAO,社会科学
世界の労働者の労働条件の改善や生活水準の向上を目的とする「国際労働機関」の略称は何でしょう？,ILO,IMO,IAEA,FAO,社会科学
原子力の平和的利用の促進及び軍事転用の防止を目的とする「国際原子力機関」の略称は何でしょう？,IAEA,IMO,ILO,FAO,社会科学
一定の廃棄物の国境を越える移動等の規制について国際的な枠組みおよび手続等を規定した条約を採択された都市から何条約というでしょう？,バーゼル条約,オタワ条約,オスロ条約,ロッテルダム条約,社会科学
有害な化学物質の国際貿易によって人や環境に悪影響が生じることを防ぐために締結された多国間条約を採択された都市から何条約というでしょう？,ロッテルダム条約,バーゼル条約,オタワ条約,オスロ条約,社会科学
対人地雷の使用、貯蔵、生産及び移譲の禁止並びに廃棄に関する条約を採択された都市から何条約というでしょう？,オタワ条約,バーゼル条約,オスロ条約,ロッテルダム条約,社会科学
クラスター弾の使用や保有、製造を全面的に禁止する条約を採択された都市から何条約というでしょう？,オスロ条約,バーゼル条約,オタワ条約,ハーグ条約,社会科学
国際的な子の奪取の民事面に関する条約を採択された都市から何条約というでしょう？,ハーグ条約,オスロ条約,バーゼル条約,オタワ条約,社会科学
アフリカの開発支援のために、日本が主導し国連や世界銀行等と共同で開催している「アフリカ開発会議」の略称は何でしょう？,TICAD,IMO,ILO,FAO,社会科学
福島第一原発の事故処理でも使われた、汚染水から多種類の放射線物質を除去する装置、「多核性除去設備」の略称は何でしょう？,ALPS,GMP,ISO,CUI,社会科学
原材料入荷から食品出荷までにいたる、食品の全製造工程における品質管理システムは何でしょう？,HACCP,JIS,FDA,GMP,社会科学
次の企業のうち、世界初のスマートフォンといわれる「Simon」を1994年に発売したのはどこでしょう？,IBM,MicroSoft,Apple,モトローラ,社会科学
次のうち、世界初のウェブブラウザはどれでしょう？,WorldWideWeb,NCSA Mosaic,Netscape Navigator,Internet Explorer,社会科学
次のうち、内藤多仲によって1950年代から1960年代にかけて設計されたタワーの総称であるタワー6兄弟に含まれないのはどれでしょう？,京都タワー,別府タワー,博多ポートタワー,通天閣(2代目),社会科学
次のうち、乾電池を発明したのは誰でしょう？,屋井先蔵,ガストン・プランテ,エジソン,高橋市三郎,自然科学
物質としてビタミンを世界で初めて抽出、発見した鈴木梅太郎が発見したビタミンは、ビタミン何でしょう？,B1,A,C,B2,自然科学
五臓六腑といわれる臓器のうち、六腑に含まれないのは次のうちどれでしょう？,肺,胆,膀胱,三焦,自然科学
次のうち、大動脈に血液を送り出すのはどれでしょう？,左心室,右心房,右心室,左心房,自然科学
次のうち、肺動脈に血液を送り出すのはどれでしょう？,右心室,右心房,左心房,左心室,自然科学
次のうち、大静脈から血液を受け取るのはどれでしょう？,右心房,右心室,左心房,左心室,自然科学
次のうち、肺静脈から血液を受け取るのはどれでしょう？,左心房,右心房,右心室,左心室,自然科学
次のうち、植物細胞と動物細胞に共通してある組織はどれでしょう？,ミトコンドリア,細胞壁,液胞,葉緑体,自然科学
次のうち、植物細胞と動物細胞に共通してある組織はどれでしょう？,核,中心体,液胞,ゴルジ体,自然科学
次のうち、動物細胞にはない組織はどれでしょう？,細胞壁,ゴルジ体,中心体,細胞質,自然科学
大気圏の構造のうち、気象現象が発生している、地表から約11㎞までの範囲を何というでしょう？,対流圏,成層圏,中間圏,熱圏,自然科学
大気圏の構造のうち、オゾン層が存在している範囲を何というでしょう？,成層圏,対流圏,中間圏,熱圏,自然科学
大気圏の構造のうち、気温が最も低い範囲は何でしょう？,中間圏,対流圏,成層圏,熱圏,自然科学
大気圏の構造のうち、オーロラが発生する範囲は何でしょう？,熱圏,外気圏,成層圏,中間圏,自然科学
大気圏の構造のうち、宇宙空間に最も近い範囲を何というでしょう？,外気圏,成層圏,中間圏,熱圏,自然科学
日本人として、初めてノーベル物理学賞を受賞したのは誰でしょう？,湯川秀樹,朝永振一郎,江崎玲於奈,小柴昌俊,自然科学
日本人として、初めてノーベル化学賞を受賞したのは誰でしょう？,福井謙一,白川秀樹,野依良治,田中耕一,自然科学
日本人として、初めてノーベル医学・生理学賞を受賞したのは誰でしょう？,利根川進,山中伸弥,大村智,大隅良典,自然科学
次のうち、2014年にノーベル物理学賞を受賞していないのは誰でしょう？,梶田隆章,赤崎勇,天野浩,中村修二,自然科学
次のうち、2008年にノーベル物理学賞を受賞していないのは誰でしょう？,小柴昌俊,南部陽一郎,小林誠,益川敏英,自然科学
チーターの次に速く走ることができる動物で、長距離ではチーター以上に速いといわれるのは次のうちどれでしょう？,プロングホーン,トムソンガゼル,スプリングボック,ライオン,自然科学
生物分布の法則において、寒い地域に住む個体群ほど突出部が小さくなるという法則は何というでしょう？,アレンの法則,グロージャーの法則,ラポポートの法則,ベルグマンの法則,自然科学
生物分布の法則において、寒い地域に住む個体群ほど体色が薄くなるという法則は何というでしょう？,グロージャーの法則,アレンの法則,ラポポートの法則,ベルグマンの法則,自然科学
生物分布の法則において、低緯度地域ほど狭い地域に多くの生物種が生息するという法則は何というでしょう？,ラポポートの法則,アレンの法則,グロージャーの法則,フォスターの法則,自然科学
生物分布の法則において、島嶼部においては、大型動物は小さくなり、小型動物は大きくなるという法則は何というでしょう？,フォスターの法則,アレンの法則,グロージャーの法則,ラポポートの法則,自然科学
生物分布の法則において、寒い地域に住む個体群ほど体が大きくなるという法則は何というでしょう？,ベルグマンの法則,アレンの法則,グロージャーの法則,ラポポートの法則,自然科学
拡大中の海氷の下部で形成される、塩水の降下流を内包した下向きに成長する空洞の氷で、「死の氷柱」「氷の鍾乳石」と呼ばれる現象は何というでしょう？,ブライニクル,ペニテンテ,ブロッケン現象,マラカイボの灯台,自然科学
ベネズエラのとある湖に注ぐカタトゥンボ川の河口上空でのみ見られる気象現象で、無音の稲妻が、年に140から160夜、1晩10時間にわたり、1時間あたり約280回発光する「カタトゥンボの雷」と呼ばれる現象の別名は何というでしょう？,マラカイボの灯台,ブライニクル,ペニテンテ,セントエルモの火,自然科学
悪天候時などに船のマストの先端が発光する現象を何というでしょう？,セントエルモの火,マラカイボの灯台,ブライニクル,ブロッケン現象,自然科学
太陽などの光が背後からさしこみ、影の側にある雲粒や霧粒によって光が散乱され、見る人の影の周りに、虹と似た光の輪となって現れる現象を何というでしょう？,ブロッケン現象,セントエルモの火,ペニテンテ,ブライニクル,自然科学
アンデス山脈やヒマラヤ山脈で見られる太陽によって溶け出した氷や雪が、再び冷気を帯びた強風に煽られることで先端が尖り、剣山のような状態になることを何というでしょう？,ペニテンテ,ブロッケン現象,ダウンバースト,ブライニクル,自然科学
下降気流が地面に衝突した際に四方に広がり、風が災害を起こすほど強いもので、突風が風速50mを超える場合がある現象を何というでしょう？,ダウンバースト,ペニテンテ,ブロッケン現象,ブライニクル,自然科学
太陽を背にして露のある草原や水面などを見るとき、見る人など影の周囲に見られる光輪で、「稲田の御光」とも呼ばれる現象を何というでしょう？,ハイリゲンシャイン,ペニテンテ,ブロッケン現象,セントエルモの火,自然科学
日出または日没時に地平線に対して垂直方向へ、太陽から炎のような形の光芒が見られる現象を何というでしょう？,サンピラー,セントエルモの火,ハイリゲンシャイン,マラカイボの灯台,自然科学
太陽の下46度の水平線上の薄雲に虹色の光の帯が見える現象「環水平アーク」の別名を何というでしょう？,ファイヤーレインボー,セントエルモの火,サンピラー,ブロッケン現象,自然科学
父がライオンで母がトラの雑種動物を何というでしょう？,ライガー,タイゴン,レオポン,ライアード,自然科学
母がライオンで父がトラの雑種動物を何というでしょう？,タイゴン,ライガー,レオポン,ライアード,自然科学
母がライオンで父がヒョウの雑種動物を何というでしょう？,レオポン,ライガー,タイゴン,ライアード,自然科学
父がライオンで母がヒョウの雑種動物を何というでしょう？,ライアード,ライガー,タイゴン,レオポン,自然科学
加熱すると、炎の色が赤になる金属イオンは次のうちどれでしょう？,Li(リチウム),Na(ナトリウム),Ba(バリウム),K(カリウム),自然科学
加熱すると、炎の色が黄色になる金属イオンは次のうちどれでしょう？,Na(ナトリウム),Li(リチウム),Cu(銅),K(カリウム),自然科学
加熱すると、炎の色が紫になる金属イオンは次のうちどれでしょう？,K(カリウム),Li(リチウム),Na(ナトリウム),Ba(バリウム),自然科学
加熱すると、炎の色が緑になる金属イオンは次のうちどれでしょう？,Cu(銅),Li(リチウム),Na(ナトリウム),Sr(ストロンチウム),自然科学
加熱すると、炎の色が橙色になる金属イオンは次のうちどれでしょう？,Ca(カルシウム),Na(ナトリウム),Ba(バリウム),K(カリウム),自然科学
加熱すると、炎の色が紅色になる金属イオンは次のうちどれでしょう？,Sr(ストロンチウム),Na(ナトリウム),Ba(バリウム),Cu(銅),自然科学
加熱すると、炎の色が黄緑になる金属イオンは次のうちどれでしょう？,Ba(バリウム),Li(リチウム),Ca(カルシウム),K(カリウム),自然科学
日本式天気記号において、白い丸のみの記号は何を表すでしょう？,快晴,晴れ,曇り,雪,自然科学
日本式天気記号において、白い丸の中央に縦線が一本描かれている記号は何を表すでしょう？,晴れ,快晴,天気不明,曇り,自然科学
日本式天気記号において、二重丸は何を表すでしょう？,曇り,晴れ,快晴,雪,自然科学
日本式天気記号において、白い丸の中にバツが描かれた記号は何を表すでしょう？,天気不明,雪,霧,あられ,自然科学
次のうち、日本式天気記号にないものはどれでしょう？,スモッグ,砂塵嵐,地吹雪,煙霧,自然科学
次のうち、日本式天気記号にないものはどれでしょう？,竜巻,ちり煙霧,霧雨,天気不明,自然科学
Al(アルミニウム)とMg(マグネシウム)とCu(銅)の合金は何でしょう？,ジュラルミン,ステンレス,白銅,真鍮,自然科学
Fe(鉄)とCr(クロム)とNi(ニッケル)の合金は何でしょう？,ステンレス,白銅,真鍮,青銅,自然科学
Cu(銅)とNi(ニッケル)の合金は何でしょう？,白銅,真鍮,青銅,半田,自然科学
Cu(銅)とZn(亜鉛)の合金は何でしょう？,真鍮,青銅,半田,ジュラルミン,自然科学
Cu(銅)とSn(錫)の合金は何でしょう？,青銅,ステンレス,白銅,真鍮,自然科学
Pb(鉛)とSn(錫)の合金は何でしょう？,半田,白銅,真鍮,青銅,自然科学
Fe(鉄)にZn(亜鉛)をメッキしたものは何でしょう？,トタン,ブリキ,アマルガム,真鍮,自然科学
Fe(鉄)にSn(錫)をメッキしたものは何でしょう？,ブリキ,トタン,アマルガム,青銅,自然科学
地震波速度の境界であり、地球の地殻上部と下部との境界のことを何というでしょう？,コンラッド不連続面,モホロビチッチ不連続面,グーテンベルク不連続面,レーマン不連続面,自然科学
地震波速度の境界であり、地球の地殻とマントルとの境界のことを何というでしょう？,モホロビチッチ不連続面,コンラッド不連続面,グーテンベルク不連続面,レーマン不連続面,自然科学
地震波速度の境界であり、地球のマントルと核の境界のことを何というでしょう？,グーテンベルク不連続面,コンラッド不連続面,モホロビチッチ不連続面,レーマン不連続面,自然科学
地震波速度の境界であり、地球の外核と内核との境界のことを何というでしょう？,レーマン不連続面,コンラッド不連続面,モホロビチッチ不連続面,グーテンベルク不連続面,自然科学
次の火成岩のうち、火山岩はどれでしょう？,流紋岩,花崗岩,閃緑岩,斑レイ岩,自然科学
次の火成岩のうち、火山岩はどれでしょう？,安山岩,花崗岩,閃緑岩,斑レイ岩,自然科学
次の火成岩のうち、火山岩はどれでしょう？,玄武岩,花崗岩,閃緑岩,斑レイ岩,自然科学
次の火成岩のうち、深成岩はどれでしょう？,花崗岩,流紋岩,安山岩,玄武岩,自然科学
次の火成岩のうち、深成岩はどれでしょう？,閃緑岩,流紋岩,安山岩,玄武岩,自然科学
次の火成岩のうち、深成岩はどれでしょう？,斑レイ岩,流紋岩,安山岩,玄武岩,自然科学
次の鉱物のうち、無色鉱物はどれでしょう？,石英,黒雲母,輝石,橄欖石,自然科学
次の鉱物のうち、無色鉱物はどれでしょう？,石英,黒雲母,角閃石,橄欖石,自然科学
次の鉱物のうち、無色鉱物はどれでしょう？,長石,黒雲母,輝石,角閃石,自然科学
次の鉱物のうち、無色鉱物はどれでしょう？,長石,角閃石,輝石,橄欖石,自然科学
太陽系の惑星のうち、唯一公転と自転の回転方向が逆の天体はどれでしょう？,金星,木星,海王星,天王星,自然科学
太陽系の惑星のうち、自転軸が太陽系の黄道面に対して約98度と大きく傾いており、ほぼ横倒しの状態で公転している天体はどれでしょう？,天王星,海王星,土星,木星,自然科学
火星の惑星はフォボスとなんでしょう？,ダイモス,イオ,エウロパ,カリスト,自然科学
火星の惑星はダイモスとなんでしょう？,フォボス,ガニメデ,エウロパ,カリスト,自然科学
イタリアの天文学者ガリレオ・ガリレイによって発見された木星の4つの衛星のうち、一番大きいものはどれでしょう？,ガニメデ,カリスト,イオ,エウロパ,自然科学
イタリアの天文学者ガリレオ・ガリレイによって発見された木星の4つの衛星のうち、公転軌道が一番木星に近いため、第一衛星とされた天体はどれでしょう？,イオ,ガニメデ,カリスト,エウロパ,自然科学
イタリアの天文学者ガリレオ・ガリレイによって発見された木星の4つの衛星のうち、公転軌道が二番目に木星に近いため、第ニ衛星とされた天体はどれでしょう？,エウロパ,ガニメデ,カリスト,イオ,自然科学
イタリアの天文学者ガリレオ・ガリレイによって発見された木星の4つの衛星のうち、公転軌道が三番目に木星に近いため、第三衛星とされた天体はどれでしょう？,ガニメデ,カリスト,イオ,エウロパ,自然科学
イタリアの天文学者ガリレオ・ガリレイによって発見された木星の4つの衛星のうち、公転軌道が一番木星から遠いため、第四衛星とされた天体はどれでしょう？,カリスト,ガニメデ,イオ,エウロパ,自然科学
土星の第六衛星で、土星の最大の衛星でもあるのは次のうちどれでしょう？,タイタン,トリトン,カロン,ガニメデ,自然科学
海王星の最大の衛星かつ第一衛星で、太陽系内の大型衛星の中では唯一、主惑星の自転方向に対して逆方向に公転する逆行軌道を持つのは次のうちどれでしょう？,トリトン,タイタン,カロン,ガニメデ,自然科学
夏の大三角形を描く、３つの星に当てはまらないのは次のうちどれでしょう？,シリウス,デネブ,アルタイル,ベガ,自然科学
夏の大三角形を描く、３つの星に当てはまらないのは次のうちどれでしょう？,プロキオン,デネブ,アルタイル,ベガ,自然科学
夏の大三角形を描く、３つの星に当てはまらないのは次のうちどれでしょう？,ベテルギウス,デネブ,アルタイル,ベガ,自然科学
冬の大三角形を描く、３つの星に当てはまらないのは次のうちどれでしょう？,デネブ,シリウス,プロキオン,ベテルギウス,自然科学
冬の大三角形を描く、３つの星に当てはまらないのは次のうちどれでしょう？,アルタイル,シリウス,プロキオン,ベテルギウス,自然科学
冬の大三角形を描く、３つの星に当てはまらないのは次のうちどれでしょう？,ベガ,シリウス,プロキオン,ベテルギウス,自然科学
デネブをα星とする星座は次のうち、どれでしょう？,はくちょう座,わし座,こと座,さそり座,自然科学
アルタイルをα星とする星座は次のうち、どれでしょう？,わし座,はくちょう座,こと座,おとめ座,自然科学
ベガをα星とする星座は次のうち、どれでしょう？,こと座,はくちょう座,わし座,オリオン座,自然科学
シリウスをα星とする星座は次のうち、どれでしょう？,こいぬ座,おおいぬ座,オリオン座,さそり座,自然科学
プロキオンをα星とする星座は次のうち、どれでしょう？,おおいぬ座,こいぬ座,オリオン座,さそり座,自然科学
ベテルギウスをα星とする星座は次のうち、どれでしょう？,オリオン座,おおいぬ座,こいぬ座,ふたご座,自然科学
スピカをα星とする星座は次のうち、どれでしょう？,おとめ座,さそり座,オリオン座,こいぬ座,自然科学
アンタレスをα星とする星座は次のうち、どれでしょう？,さそり座,おおいぬ座,こいぬ座,オリオン座,自然科学
ポルックスをα星とする星座は次のうち、どれでしょう？,ふたご座,おおいぬ座,こいぬ座,オリオン座,自然科学
アークトゥルスをα星とする星座は次のうち、どれでしょう？,うしかい座,ふたご座,みなみのうお座,りゅうこつ座,自然科学
アケルナルをα星とする星座は次のうち、どれでしょう？,エリダヌス座,ぎょしゃ座,みなみのうお座,りゅうこつ座,自然科学
アルデバランをα星とする星座は次のうち、どれでしょう？,おうし座,ぎょしゃ座,うしかい座,ふたご座,自然科学
カノープスをα星とする星座は次のうち、どれでしょう？,りゅうこつ座,エリダヌス座,うしかい座,オリオン座,自然科学
カペラをα星とする星座は次のうち、どれでしょう？,ぎょしゃ座,エリダヌス座,うしかい座,うお座,自然科学
フォーマルハウトをα星とする星座は次のうち、どれでしょう？,みなみのうお座,エリダヌス座,ぎょしゃ座,うお座,自然科学
レグルスをα星とする星座は次のうち、どれでしょう？,しし座,おおいぬ座,こいぬ座,さそり座,自然科学
太陽を除けば地球上から見える最も明るい恒星は、どれでしょう？,シリウス,リゲル,ポルックス,ベガ,自然科学
七夕の伝説における織姫にあたる恒星は、次のうちどれでしょう？,ベガ,アルタイル,デネブ,アンタレス,自然科学
七夕の伝説における彦星にあたる恒星は、次のうちどれでしょう？,アルタイル,ベガ,デネブ,アンタレス,自然科学
次のうち、オリオン座のβ星は、次のうちどれでしょう？,リゲル,ポルックス,シリウス,ベテルギウス,自然科学
次のうち、国際天文学連合が定めた88星座に含まれないのはどれでしょう？,ねこ座,いるか座,やまねこ座,くじら座,自然科学
次のうち、国際天文学連合が定めた88星座に含まれないのはどれでしょう？,となかい座,きりん座,うさぎ座,おおかみ座,自然科学
次のうち、国際天文学連合が定めた88星座に含まれないのはどれでしょう？,ふくろう座,つる座,はと座,くじゃく座,自然科学
次のうち、国際天文学連合が定めた88星座に含まれないのはどれでしょう？,雄鶏座,からす座,ふうちょう座,ほうおう座,自然科学
次のうち、国際天文学連合が定めた88星座に含まれないのはどれでしょう？,しぶんぎ座,ろくぶんぎ座,らしんばん座,はちぶんぎ座,自然科学
次のうち、国際天文学連合が定めた88星座に含まれないのはどれでしょう？,こがに座,こぎつね座,こじし座,こうま座,自然科学
アフガニスタンの国技とされている2組の騎馬隊がヤギを奪い合う競技はどれでしょう？,ブズカシ,ヤールギュレシ,ブフ,パト,スポーツ
次のうち、過去に夏季オリンピックで行われていた競技はどれでしょう？,クロッケー,ペタンク,セパタクロー,パサペッロ,スポーツ
次のアメリカの都市のうち、夏季オリンピックを開催したことがないのはどこでしょう？,ニューヨーク,セントルイス,ロサンゼルス,アトランタ,スポーツ
1956年のメルボルンオリンピックにおいて、唯一スウェーデンで行われた競技はどれでしょう？,馬術,射撃,セーリング,フェンシング,スポーツ
夏季オリンピックで初めて日本選手団が派遣されたのはどの大会でしょう？,1912年ストックホルム大会,1908年ロンドン大会,1916年ベルリン大会,1920年アントワープ大会,スポーツ
日本人で初めて夏季オリンピックで金メダルを獲得したのは誰でしょう？,織田幹夫,北村久寿雄,人見絹枝,前畑秀子,スポーツ
次のうち、過去に夏季オリンピックで日本が金メダルを獲得していない競技はどれでしょう？,女子サッカー,女子バレーボール,男子バレーボール,女子ソフトボール,スポーツ
2001年に阪神タイガース野村克也監督が、若手の俊足選手7人に命名した「F1セブン」に含まれないのは誰でしょう？,田中秀太,平下晃司,高波文一,沖原佳典,スポーツ
第1回冬季オリンピックが開催された都市はどこでしょう？,シャモニー(フランス),サンモリッツ(スイス),レークプラシッド(アメリカ),ガルミッシュ＝パルテンキルヒェン(ドイツ),スポーツ
次の都市のうち、冬季オリンピックが1度しか開催されていないのはどこでしょう？,スコーバレー(アメリカ),インスブルック(オーストリア),レークプラシッド(アメリカ),サンモリッツ(スイス),スポーツ
次の選手のうち、日本プロ野球で500盗塁を記録していないのは誰でしょう？,木塚忠助,福本豊,柴田勲,広瀬叔功,スポーツ
サッカーで相手選手を殴る反則を何というでしょう？,ストライキング,トリッピング,ノッキング,スピッティング,スポーツ
セ・パ両リーグで1000本安打を記録した選手は3人いるが、次のうち該当しないのは誰でしょう？,稲葉篤紀,和田一浩,大杉勝男,落合博満,スポーツ
北米4大プロスポーツリーグのうち、唯一カナダに本拠地を持つチームが所属していないリーグはどれでしょう？,NFL(アメリカンフットボール),NHL(アイスホッケー),NBA(バスケットボール),MLB(野球),スポーツ
次のうち、Jリーグ発足時に加盟した10チーム、通称オリジナル10に含まれるチームはどれでしょう？,横浜フリューゲルス,ベルマーレ平塚,ジュビロ磐田,柏レイソル,スポーツ
2019年現在、Jリーグに登録しているチーム数が6と一番多い都道府県はどこでしょう？,神奈川県,静岡県,東京都,大阪府,スポーツ
2016-2017シーズンで、Bリーグ初代王者となったチームはどこでしょう？,リンク栃木ブレックス,アルバルク東京,千葉ジェッツふなばし,川崎ブレイブサンダース,スポーツ
日本代表が1994年サッカーW杯アメリカ大会の出場を逃した試合、通称「ドーハの悲劇」の対戦相手国はイラクですが、1998年フランスW杯の出場を決めた試合、通称「ジョホールバルの歓喜」の対戦相手国はどこでしょう？,イラン,イラク,サウジアラビア,カタール,スポーツ
サッカーのダービーマッチのうち、「ビッグロンドンダービー」といえば、アーセナルとどこの試合でしょう？,チェルシー,トッテナム・ホットスパー,ウェストハム・ユナイテッド,クリスタル・パレス,スポーツ
サッカーのダービーマッチのうち、「ノースロンドンダービー」といえば、アーセナルとどこの試合でしょう？,トッテナム・ホットスパー,チェルシー,ウェストハム・ユナイテッド,クリスタル・パレス,スポーツ
大相撲の年6場所のうち、初場所の会場となるのは両国国技館ですが、十一月場所の会場となるのはどこでしょう？,福岡国際センター,エディオンアリーナ大阪(大阪府立体育会館),両国国技館,ドルフィンズアリーナ(愛知県体育館),スポーツ
本名を「ムンフバティン・ダワージャルガル」という第69代横綱はだれでしょう？,白鵬翔,鶴竜力三郎,日馬富士公平,朝青龍明徳,スポーツ
王貞治が世界新記録となる756号本塁打を打った相手投手は鈴木康二朗ですが、世界タイ記録となる755号本塁打を打った相手投手は誰でしょう？,三浦道男,鈴木康二朗,神部年男,村田元一,スポーツ
バレンティンが日本プロ野球のシーズン最多本塁打記録となる56号本塁打を打った相手投手は誰でしょう？,榎田大樹,マドリガル,メッセンジャー,前田健太,スポーツ
フリーエージェント権を行使し、日本プロ野球からメジャーリーグ移籍を果たした初の野手は誰でしょう？,新庄剛志,松井秀喜,田口壮,イチロー,スポーツ
